<?xml version="1.0" encoding="UTF-8"?>
<ModMetaData>
	<name>ZeroTech-meal and drug</name>
	<author>LingLuo</author>
	<supportedVersions>
		<li>1.1</li>
		<li>1.2</li>
	</supportedVersions>
<packageId>LingLuo.ZeroTechMAD</packageId>
	<description>零子科技-食物与药物拓展包
	你在干什么?你管这东西叫做食物嘛?呃,也许填饱肚子还是可以的
	物品简介
	脱水药:可以使人的生理状态完全暂停变成一块可以吃的肉干(可恢复)
	怀孕药:使使用者怀孕
	砒霜:食用即死亡
	驻颜丹:增加所有人对使用者的好感
	乱情丹:增加对所有人的好感
	醉生梦死:一种高酒精含量的酒,食用会严重影响精神状态
	涤身水:可以清楚身上绝大多数状态
	
	肥宅增肌餐:体型增加一个级别
	瘦身健康餐:体型降低一个级别
	肥宅快乐餐:大幅的增加心情,暂时降低属性
	嘴臭盒饭:吃完骂人
	整容盒饭:吃完容貌随机变化
	六亲不认饼:吃完遗忘所有亲戚
	昏睡红茶:吃完发困
	</description>
	<modDependencies>
		<li>
			<packageId>LingLuo.ZeroTechCore</packageId>
			<displayName>ZeroTechCore</displayName>
			<downloadUrl>https://www.baidu.com</downloadUrl>
		</li>
	</modDependencies>
	<loadAfter>
		<li>LingLuo.ZeroTechCore</li>
	</loadAfter>
</ModMetaData>
